{
	"format_version": "1.8.0",
	"animations": {
		"parry": {
			"animation_length": 0.625,
			"bones": {
				"torso": {
					"scale": {
						"vector": [1, 1, 1]
					}
				},
				"head": {
					"scale": {
						"vector": [1, 1, 1]
					}
				},
				"right_arm": {
					"rotation": {
						"vector": [0, 0, 0]
					},
					"scale": {
						"vector": [1, 1, 1]
					}
				},
				"left_arm": {
					"rotation": {
						"0.0": {
							"vector": [-62.10422, 58.08546, 17.57396]
						},
						"0.0417": {
							"vector": [-19.98247, 0.85481, 2.34941]
						},
						"0.0833": {
							"vector": [-60.86109, 25.75263, 19.71203]
						},
						"0.125": {
							"vector": [-71.72775, 53.29864, 15.00555]
						},
						"0.1667": {
							"vector": [-54.78064, 65.12671, 23.04591]
						},
						"0.2083": {
							"vector": [-49.78064, 65.12671, 23.04591]
						},
						"0.25": {
							"vector": [-34.06964, 68.71397, 31.96416]
						},
						"0.2917": {
							"vector": [-55.50354, 57.92947, 8.14917]
						},
						"0.3333": {
							"vector": [-68.99123, -32.98794, -33.87411]
						},
						"0.375": {
							"vector": [-81.12885, -72.91809, -54.09884]
						},
						"0.4167": {
							"vector": [65.11845, -83.81942, -200.8589]
						},
						"0.4583": {
							"vector": [-81.12885, -72.91809, -54.09884]
						},
						"0.5": {
							"vector": [-73.26268, -60.87949, -46.29559]
						},
						"0.5417": {
							"vector": [-64.93166, -57.1274, -52.96069]
						},
						"0.5833": {
							"vector": [-47.40574, -61.57557, -55.93511]
						},
						"0.625": {
							"vector": [-38.109, -44.30828, -10.10515]
						}
					},
					"position": {
						"0.0": {
							"vector": [0, 0, 0]
						},
						"0.0417": {
							"vector": [0, 0, -1]
						},
						"0.0833": {
							"vector": [0, 0, -2]
						},
						"0.125": {
							"vector": [-1, 0, -2]
						},
						"0.1667": {
							"vector": [-2, 0, -2]
						},
						"0.2083": {
							"vector": [-3, 0, -2]
						},
						"0.3333": {
							"vector": [-1, 0, -2]
						},
						"0.375": {
							"vector": [1, 2, -1]
						},
						"0.4167": {
							"vector": [2, 3, -1]
						},
						"0.4583": {
							"vector": [1, 2, -1]
						},
						"0.5": {
							"vector": [1, 2, -1]
						},
						"0.5417": {
							"vector": [0.67, 0.67, -1]
						},
						"0.625": {
							"vector": [0, 0, -1]
						}
					},
					"scale": {
						"vector": [1, 1, 1]
					}
				},
				"right_leg": {
					"scale": {
						"vector": [1, 1, 1]
					}
				},
				"left_leg": {
					"scale": {
						"vector": [1, 1, 1]
					}
				}
			}
		}
	},
	"geckolib_format_version": 2
}
